time,tmin,tmax,prcp,wdir,wspd,wpgt,pres
2020-01-01,-1.8,5.5,0.0,268.9,7.4,24.1,1035.7
2020-01-02,-5.0,1.0,0.0,292.7,5.7,14.8,1031.9
2020-01-03,-2.5,6.8,0.2,254.5,10.1,42.6,1023.9
2020-01-04,4.5,7.9,4.9,283.3,22.5,59.3,1023.6
2020-01-05,1.9,6.6,0.0,292.4,14.4,50.0,1034.3
2020-01-06,0.8,4.6,0.0,243.7,5.2,14.8,1031.0
2020-01-07,-2.6,3.8,0.0,279.9,7.4,18.5,1027.6
2020-01-08,3.1,7.6,2.3,247.2,8.7,25.9,1027.9
2020-01-09,6.1,8.4,8.1,244.1,5.7,16.7,1021.6
2020-01-10,7.6,11.5,0.2,257.3,11.6,35.2,1018.6
2020-01-11,1.8,8.7,0.0,277.7,12.1,33.3,1030.9
2020-01-12,-0.7,5.7,0.0,251.4,9.5,33.3,1026.8
2020-01-13,4.2,7.0,0.0,256.4,9.0,33.3,1023.2
2020-01-14,1.9,4.2,0.0,141.1,5.3,13.0,1018.7
2020-01-15,1.5,4.2,0.0,92.8,5.1,13.0,1022.2
2020-01-16,1.0,4.9,0.0,342.5,5.1,13.0,1030.8
2020-01-17,0.3,2.7,0.0,66.0,5.4,14.8,1025.3
2020-01-18,2.4,4.9,0.6,293.4,6.5,18.5,1025.3
2020-01-19,1.8,6.2,0.0,302.7,9.2,22.2,1034.0
2020-01-20,0.8,6.5,0.0,277.7,7.5,18.5,1046.2
2020-01-21,-3.4,3.8,0.0,251.5,6.3,16.7,1043.6
2020-01-22,-2.4,4.8,0.0,290.1,8.8,25.9,1035.4
2020-01-23,-0.7,5.2,0.0,272.0,5.5,14.8,1034.5
2020-01-24,-2.4,2.8,0.0,265.3,5.8,14.8,1026.7
2020-01-25,-1.6,3.4,0.0,272.2,5.4,14.8,1023.8
2020-01-26,0.3,2.7,0.0,339.5,4.5,11.1,1022.0
2020-01-27,1.6,3.9,0.0,128.0,5.2,13.0,1015.5
2020-01-28,3.2,8.7,2.7,222.5,15.9,63.0,1000.0
2020-01-29,3.2,7.0,0.0,267.4,22.8,51.8,1005.4
2020-01-30,3.8,9.5,0.0,257.1,18.9,46.3,1011.8
2020-01-31,5.8,15.5,0.0,266.2,21.2,48.2,1006.9
2020-02-01,11.8,15.2,4.6,262.7,22.0,50.0,1006.5
2020-02-02,8.7,12.9,4.3,271.9,22.5,59.3,1008.4
2020-02-03,9.4,12.9,2.0,277.9,24.7,55.5,1010.0
2020-02-04,4.5,9.4,18.1,302.0,20.3,50.0,1007.3
2020-02-05,0.7,5.2,5.2,322.3,22.8,59.3,1027.2
2020-02-06,1.5,6.1,0.0,284.0,14.8,31.5,1031.3
2020-02-07,4.4,7.4,0.0,306.1,7.9,22.2,1030.3
2020-02-08,0.7,5.5,0.0,154.7,5.2,13.0,1027.6
2020-02-09,-1.0,4.6,0.0,224.8,9.2,48.2,1018.9
2020-02-10,7.3,13.7,8.4,255.7,33.6,87.0,997.9
2020-02-11,4.8,8.7,2.7,269.7,32.8,79.6,1001.5
2020-02-12,3.9,7.3,0.1,269.7,28.5,66.7,1012.5
2020-02-13,2.7,7.2,1.4,203.1,10.7,38.9,1013.4
2020-02-14,4.1,10.3,0.9,270.5,11.5,37.0,1016.0
2020-02-15,3.1,9.5,0.0,228.6,6.7,16.7,1025.3
2020-02-16,1.3,8.3,0.0,198.8,7.7,27.8,1017.3
2020-02-17,4.7,12.8,0.0,264.4,14.5,35.2,1015.4
2020-02-18,6.7,10.8,0.0,262.0,23.2,59.3,1021.4
2020-02-19,5.2,7.9,1.5,257.9,17.6,44.5,1018.1
2020-02-20,2.1,8.2,0.1,237.4,10.9,33.3,1020.6
2020-02-21,5.0,8.9,2.1,270.3,20.5,53.7,1022.6
2020-02-22,5.7,12.4,0.0,257.9,22.9,61.1,1022.5
2020-02-23,9.8,13.8,12.6,270.3,34.0,88.9,1013.8
2020-02-24,5.1,9.3,2.1,268.9,19.2,79.6,1017.7
2020-02-25,6.7,11.7,2.9,257.5,18.5,46.3,1001.3
2020-02-26,4.5,7.7,1.6,266.0,21.1,57.4,996.9
2020-02-27,2.6,7.6,2.1,256.0,15.4,37.0,1002.7
2020-02-28,2.0,7.4,4.5,292.8,16.5,46.3,1012.6
2020-02-29,1.8,8.0,5.6,189.1,7.8,22.2,1004.8
2020-03-01,4.7,11.9,1.0,244.9,12.5,38.9,1000.4
2020-03-02,3.2,11.5,0.0,211.6,12.8,38.9,995.1
2020-03-03,4.9,8.1,2.8,295.9,13.4,40.8,999.2
2020-03-04,1.7,8.6,0.0,267.0,13.6,38.9,1011.9
2020-03-05,0.0,10.8,0.8,124.6,9.5,27.8,1004.7
2020-03-06,5.1,9.1,4.8,219.0,12.5,38.9,994.8
2020-03-07,4.9,7.9,2.8,288.0,18.3,46.3,1012.7
2020-03-08,1.7,10.9,0.0,249.3,10.1,31.5,1019.2
2020-03-09,3.4,11.3,2.1,263.1,7.5,22.2,1013.7
2020-03-10,4.9,10.2,11.6,249.6,16.7,50.0,1011.9
2020-03-11,10.4,13.0,18.8,271.2,18.5,50.0,1010.7
2020-03-12,8.9,17.0,0.0,260.8,21.5,66.7,1010.6
2020-03-13,6.1,11.0,0.0,271.5,24.1,74.1,1015.4
2020-03-14,0.4,9.9,0.0,7.9,9.9,29.6,1023.8
2020-03-15,-3.0,11.6,0.0,125.6,9.9,29.6,1024.0
2020-03-16,-1.2,15.8,0.0,276.7,6.9,16.7,1022.1
2020-03-17,5.2,15.2,0.6,279.4,8.1,20.4,1028.0
2020-03-18,6.4,18.6,0.0,263.9,9.4,24.1,1028.3
2020-03-19,8.0,18.9,0.0,279.5,8.0,20.4,1024.9
2020-03-20,7.2,14.8,1.7,1.1,9.1,27.8,1023.0
2020-03-21,1.7,7.0,3.8,42.7,16.3,38.9,1027.0
2020-03-22,-1.2,5.6,0.0,60.9,14.1,37.0,1034.3
2020-03-23,-3.7,6.9,0.0,61.6,11.4,35.2,1038.1
2020-03-24,-4.3,8.1,0.0,89.8,11.2,33.3,1036.1
2020-03-25,-3.8,8.6,0.0,82.2,15.1,42.6,1031.2
2020-03-26,-0.5,10.7,0.0,90.6,18.2,48.2,1025.3
2020-03-27,1.5,18.2,0.0,77.2,13.7,42.6,1020.8
2020-03-28,4.6,18.0,0.0,324.1,12.2,33.3,1018.1
2020-03-29,,,,,,,
2020-03-30,-2.4,7.2,0.1,352.1,12.8,38.9,1027.8
2020-03-31,-0.1,5.5,0.6,349.5,11.4,31.5,1028.4
2020-04-01,-3.4,10.5,0.0,241.2,8.7,20.4,1023.2
2020-04-02,-0.7,14.7,0.0,253.7,10.2,31.5,1013.4
2020-04-03,4.5,10.3,0.0,275.0,12.9,33.3,1014.0
2020-04-04,5.3,13.7,0.0,334.6,7.9,18.5,1024.3
2020-04-05,2.0,17.5,0.0,89.5,12.6,40.8,1028.9
2020-04-06,2.2,21.5,0.0,173.1,9.0,22.2,1025.6
2020-04-07,5.6,22.1,0.0,331.8,9.7,22.2,1029.9
2020-04-08,5.9,22.6,0.0,357.2,10.1,24.1,1027.6
2020-04-09,6.7,23.7,0.0,303.4,12.4,35.2,1022.9
2020-04-10,7.2,20.2,0.0,322.9,9.0,22.2,1025.0
2020-04-11,6.8,19.2,0.0,357.9,9.1,22.2,1025.0
2020-04-12,4.9,23.4,0.0,261.0,9.2,22.2,1018.3
2020-04-13,6.2,16.1,0.0,303.7,17.4,48.2,1014.0
2020-04-14,2.9,9.3,0.0,318.3,16.9,38.9,1022.4
2020-04-15,2.0,17.8,0.0,282.0,13.1,33.3,1023.8
2020-04-16,6.1,24.0,0.0,269.3,10.3,29.6,1018.1
2020-04-17,9.7,23.0,0.0,335.4,10.5,25.9,1015.6
2020-04-18,7.6,22.2,1.4,347.1,7.6,20.4,1016.0
2020-04-19,9.6,17.1,12.6,26.0,11.3,37.0,1018.0
2020-04-20,4.4,17.4,0.0,78.9,17.4,44.5,1022.6
2020-04-21,5.4,19.0,0.0,85.1,19.3,51.8,1022.1
2020-04-22,6.3,19.8,0.0,84.5,15.4,42.6,1023.1
2020-04-23,5.0,21.8,0.0,74.7,10.6,29.6,1021.7
2020-04-24,6.2,23.3,0.0,275.4,12.8,40.8,1011.3
2020-04-25,8.5,14.9,0.0,315.4,16.9,40.8,1010.4
2020-04-26,5.8,18.6,0.0,252.7,8.0,22.2,1011.6
2020-04-27,5.0,22.6,0.0,250.1,9.1,24.1,1010.0
2020-04-28,9.7,23.7,0.0,262.7,9.5,27.8,1005.5
2020-04-29,13.0,18.3,0.2,280.2,13.4,31.5,1005.7
2020-04-30,9.9,18.8,2.0,252.5,10.7,33.3,1006.9
2020-05-01,11.2,17.9,0.8,251.9,15.1,44.5,1004.6
2020-05-02,9.7,15.8,0.0,264.6,17.0,51.8,1007.3
2020-05-03,9.2,15.4,0.0,292.5,14.9,37.0,1015.9
2020-05-04,8.1,17.8,6.3,293.3,8.9,27.8,1016.8
2020-05-05,7.3,13.3,0.6,329.5,14.6,42.6,1018.8
2020-05-06,4.7,14.9,0.0,317.0,14.6,33.3,1022.6
2020-05-07,8.7,20.6,0.0,305.0,16.1,40.8,1022.3
2020-05-08,6.8,24.5,0.0,289.3,8.4,22.2,1018.6
2020-05-09,9.9,23.4,0.0,348.8,8.4,22.2,1014.0
2020-05-10,13.6,21.7,1.4,260.5,6.9,20.4,1007.0
2020-05-11,5.7,16.9,17.0,329.8,14.9,38.9,1003.7
2020-05-12,2.3,13.5,1.3,305.1,11.6,29.6,1016.7
2020-05-13,2.5,14.7,0.6,31.1,7.6,20.4,1012.8
2020-05-14,8.8,14.5,2.0,1.0,9.9,24.1,1014.8
2020-05-15,5.4,15.0,0.0,339.6,10.8,29.6,1017.9
2020-05-16,4.8,19.9,0.0,259.9,9.4,24.1,1021.6
2020-05-17,8.0,20.0,0.0,303.6,10.6,29.6,1021.0
2020-05-18,8.7,24.3,0.0,267.8,10.2,27.8,1022.3
2020-05-19,11.5,24.7,0.0,305.6,13.0,38.9,1019.6
2020-05-20,12.9,19.0,0.0,317.2,9.4,24.1,1021.1
2020-05-21,9.7,21.6,0.0,5.9,8.8,24.1,1022.6
2020-05-22,7.6,21.8,2.0,228.7,7.1,16.7,1022.8
2020-05-23,12.3,18.8,12.2,297.8,10.1,33.3,1021.1
2020-05-24,11.1,17.0,1.4,281.6,17.4,48.2,1026.4
2020-05-25,11.5,15.1,4.6,310.2,16.0,40.8,1028.3
2020-05-26,11.6,19.1,0.0,341.5,13.2,35.2,1033.0
2020-05-27,9.7,22.2,0.0,316.7,11.1,27.8,1032.3
2020-05-28,12.6,16.9,3.7,337.0,14.5,35.2,1028.8
2020-05-29,9.5,19.5,0.0,3.9,13.2,35.2,1027.0
2020-05-30,10.4,17.0,0.0,347.6,13.6,37.0,1023.0
2020-05-31,10.1,17.7,0.0,323.5,13.5,33.3,1020.8
2020-06-01,11.9,23.5,0.0,344.7,13.4,31.5,1021.2
2020-06-02,10.7,24.3,0.0,331.7,11.7,29.6,1017.4
2020-06-03,13.8,25.9,0.5,300.6,11.0,29.6,1006.3
2020-06-04,11.3,20.0,5.8,243.5,8.0,18.5,997.4
2020-06-05,13.3,18.0,2.8,262.3,14.1,40.8,996.9
2020-06-06,12.0,16.9,0.0,249.5,9.7,24.1,1003.9
2020-06-07,12.1,15.6,4.6,291.5,7.7,20.4,1008.6
2020-06-08,11.5,20.0,0.7,324.0,9.1,27.8,1013.1
2020-06-09,13.2,19.6,7.3,350.5,9.3,24.1,1014.5
2020-06-10,15.4,18.1,13.3,345.7,9.7,22.2,1012.6
2020-06-11,15.2,22.5,3.3,2.3,7.2,16.7,1009.4
2020-06-12,13.2,27.3,0.0,90.2,9.8,27.8,1009.6
2020-06-13,17.2,29.3,4.7,48.1,8.4,25.9,1009.2
2020-06-14,18.5,23.0,34.3,320.5,6.9,16.7,1009.8
2020-06-15,16.2,25.2,6.5,340.0,9.1,22.2,1012.9
2020-06-16,16.5,25.1,0.0,330.6,8.1,20.4,1014.0
2020-06-17,16.3,26.2,0.0,33.5,9.1,24.1,1010.8
2020-06-18,17.5,20.6,13.2,284.5,13.6,33.3,1010.2
2020-06-19,16.5,21.4,7.9,301.5,14.9,37.0,1013.3
2020-06-20,16.2,19.3,5.0,299.5,15.4,35.2,1017.4
2020-06-21,17.3,22.2,1.7,314.1,15.4,35.2,1018.3
2020-06-22,16.2,25.2,0.0,311.2,15.3,35.2,1020.8
2020-06-23,14.2,24.8,0.0,326.0,12.1,31.5,1024.0
2020-06-24,12.1,23.8,1.2,347.7,9.5,24.1,1023.6
2020-06-25,16.9,23.8,7.0,79.1,9.7,27.8,1020.3
2020-06-26,14.6,25.7,0.0,116.7,7.9,18.5,1015.7
2020-06-27,15.7,29.2,0.0,261.3,11.4,37.0,1011.8
2020-06-28,18.4,27.6,2.0,263.8,11.0,31.5,1013.7
2020-06-29,17.3,22.6,3.4,271.2,11.3,38.9,1013.0
2020-06-30,13.8,24.6,0.0,259.8,16.0,46.3,1011.3
2020-07-01,15.1,29.4,0.0,254.3,12.7,37.0,1009.3
2020-07-02,19.2,25.9,0.0,272.8,11.3,31.5,1009.9
2020-07-03,17.6,24.1,0.0,295.7,13.4,31.5,1015.2
2020-07-04,14.0,27.0,0.0,260.4,13.8,40.8,1017.2
2020-07-05,18.0,27.8,0.0,254.9,16.8,46.3,1013.6
2020-07-06,15.7,22.2,0.0,278.5,16.4,48.2,1012.3
2020-07-07,12.2,20.8,0.0,287.1,13.8,31.5,1018.9
2020-07-08,14.2,17.9,7.7,270.0,8.5,24.1,1016.4
2020-07-09,14.2,26.3,4.4,271.9,8.7,27.8,1015.5
2020-07-10,16.7,28.1,0.0,261.5,13.4,48.2,1011.0
2020-07-11,14.4,20.3,0.0,338.3,9.7,29.6,1021.3
2020-07-12,10.4,22.8,0.0,308.5,8.5,20.4,1026.0
2020-07-13,9.9,25.2,0.0,194.6,7.5,18.5,1023.7
2020-07-14,11.1,26.5,0.0,215.9,8.0,18.5,1016.5
2020-07-15,13.3,20.6,6.4,273.1,9.3,27.8,1012.5
2020-07-16,14.8,19.8,1.0,298.0,10.8,25.9,1015.4
2020-07-17,14.0,21.2,0.0,319.7,10.4,27.8,1018.6
2020-07-18,15.0,24.2,0.0,337.4,9.7,24.1,1019.0
2020-07-19,17.5,28.7,1.7,321.3,8.0,22.2,1016.0
2020-07-20,17.5,28.2,0.0,292.1,11.4,37.0,1015.6
2020-07-21,16.7,24.4,0.0,342.7,8.7,25.9,1020.2
2020-07-22,12.7,25.1,0.0,340.7,9.0,24.1,1021.1
2020-07-23,12.7,25.8,0.0,336.6,8.7,22.2,1016.1
2020-07-24,12.8,27.4,0.0,279.5,8.5,24.1,1011.7
2020-07-25,16.9,28.2,0.0,268.6,9.9,24.1,1012.2
2020-07-26,15.4,24.6,0.9,257.3,10.0,31.5,1012.5
2020-07-27,16.0,29.1,0.0,247.0,8.3,20.4,1016.2
2020-07-28,16.1,31.4,0.0,264.4,14.1,48.2,1010.9
2020-07-29,16.9,27.7,0.0,286.1,13.7,33.3,1017.0
2020-07-30,13.9,29.4,0.0,297.9,8.7,20.4,1019.4
2020-07-31,15.2,30.3,0.0,329.8,9.0,24.1,1017.7
2020-08-01,16.0,33.0,0.0,346.6,7.9,18.5,1015.0
2020-08-02,19.9,28.5,5.7,305.1,8.2,25.9,1012.1
2020-08-03,17.7,21.2,12.7,334.4,11.4,25.9,1010.7
2020-08-04,15.4,18.7,6.1,329.3,10.5,25.9,1013.1
2020-08-05,12.8,26.6,0.0,221.5,8.0,20.4,1019.1
2020-08-06,13.2,29.5,0.0,190.9,8.3,24.1,1021.0
2020-08-07,17.0,32.4,0.0,193.5,7.8,18.5,1021.1
2020-08-08,18.0,34.2,0.0,206.0,8.3,18.5,1019.9
2020-08-09,18.5,34.7,0.0,196.2,8.5,20.4,1017.6
2020-08-10,19.5,30.2,0.2,61.0,8.5,24.1,1016.5
2020-08-11,19.8,31.0,0.0,71.9,8.6,27.8,1017.7
2020-08-12,17.5,32.2,0.0,156.5,8.8,20.4,1017.5
2020-08-13,18.4,32.9,0.0,223.5,8.5,20.4,1014.0
2020-08-14,20.5,27.3,8.8,289.1,9.7,27.8,1012.4
2020-08-15,19.8,26.4,15.8,316.7,7.8,24.1,1013.5
2020-08-16,18.3,29.8,0.0,70.4,8.7,22.2,1013.2
2020-08-17,16.1,28.7,0.0,273.1,9.9,33.3,1010.6
2020-08-18,19.3,26.0,2.6,289.3,11.8,27.8,1010.1
2020-08-19,16.3,26.6,0.0,295.8,11.4,29.6,1010.9
2020-08-20,14.7,30.3,0.0,254.5,7.6,18.5,1011.6
2020-08-21,17.1,35.3,0.0,228.9,8.2,20.4,1012.7
2020-08-22,18.8,24.9,3.9,271.1,10.7,31.5,1015.1
2020-08-23,16.3,25.0,0.0,264.6,12.8,37.0,1015.9
2020-08-24,13.7,22.9,0.0,266.1,12.1,35.2,1015.9
2020-08-25,12.6,24.7,0.0,257.7,11.5,29.6,1013.8
2020-08-26,16.9,25.5,0.0,251.9,21.8,75.9,1008.3
2020-08-27,14.4,22.3,0.0,287.2,17.2,59.3,1014.7
2020-08-28,10.6,24.5,2.5,259.6,8.4,27.8,1007.5
2020-08-29,16.2,20.6,5.2,249.3,9.1,22.2,1005.9
2020-08-30,15.7,19.4,28.8,320.3,8.7,31.5,1006.8
2020-08-31,14.9,19.7,16.1,308.8,13.5,35.2,1014.3
2020-09-01,13.1,18.1,0.0,338.4,11.3,27.8,1016.5
2020-09-02,9.5,19.3,0.0,282.1,9.0,20.4,1017.8
2020-09-03,11.6,23.5,0.0,261.8,11.6,29.6,1020.6
2020-09-04,16.5,26.4,1.8,252.9,12.2,37.0,1021.7
2020-09-05,16.5,24.1,0.0,294.7,8.6,38.9,1016.9
2020-09-06,13.3,20.1,0.0,308.7,8.8,20.4,1018.7
2020-09-07,11.8,21.1,0.0,291.9,7.2,18.5,1022.9
2020-09-08,9.1,24.8,0.0,259.8,10.5,29.6,1026.5
2020-09-09,12.8,27.2,0.0,257.8,9.6,29.6,1022.4
2020-09-10,14.4,21.2,0.0,328.4,10.3,24.1,1020.1
2020-09-11,12.2,24.0,0.0,252.5,6.3,14.8,1018.5
2020-09-12,12.9,27.4,0.0,258.0,8.7,24.1,1019.4
2020-09-13,15.1,28.3,0.0,264.1,8.8,24.1,1025.3
2020-09-14,14.5,30.0,0.0,226.0,8.4,22.2,1027.4
2020-09-15,14.4,31.1,0.0,212.0,8.1,20.4,1022.6
2020-09-16,15.7,29.0,0.0,294.0,9.3,25.9,1017.9
2020-09-17,11.4,20.3,0.0,359.0,13.8,33.3,1024.3
2020-09-18,6.7,21.2,0.0,42.7,9.0,25.9,1028.3
2020-09-19,6.4,22.3,0.0,54.7,8.8,22.2,1023.2
2020-09-20,7.4,24.4,0.0,59.1,9.6,27.8,1018.3
2020-09-21,8.7,24.8,0.0,234.3,7.7,20.4,1017.2
2020-09-22,11.0,25.9,0.0,242.3,7.6,18.5,1012.9
2020-09-23,13.7,23.1,0.7,274.5,7.9,27.8,1007.6
2020-09-24,13.7,23.8,0.0,254.3,10.6,33.3,1006.6
2020-09-25,11.2,16.6,11.5,279.2,11.0,33.3,999.2
2020-09-26,8.0,11.2,25.9,286.4,13.2,31.5,997.5
2020-09-27,5.9,14.4,0.0,270.7,7.0,18.5,1004.4
2020-09-28,4.2,13.6,1.0,286.4,6.8,18.5,1012.4
2020-09-29,11.4,16.5,0.0,300.0,8.7,18.5,1016.1
2020-09-30,9.7,19.5,0.0,288.7,9.6,25.9,1016.4
2020-10-01,8.5,20.9,0.0,244.8,6.9,16.7,1007.9
2020-10-02,9.7,18.5,0.0,79.6,10.2,31.5,1000.9
2020-10-03,13.7,22.2,1.3,72.4,10.9,25.9,994.1
2020-10-04,9.8,18.4,1.4,256.5,11.0,37.0,999.9
2020-10-05,8.0,15.7,0.0,277.6,7.5,24.1,1005.6
2020-10-06,9.6,15.1,2.1,228.6,10.8,31.5,1007.0
2020-10-07,11.2,16.2,0.0,249.9,13.8,37.0,1010.1
2020-10-08,10.1,16.3,0.0,252.1,11.9,33.3,1019.3
2020-10-09,14.2,18.7,1.8,251.8,11.0,31.5,1018.5
2020-10-10,8.1,15.0,2.7,267.0,8.8,29.6,1018.7
2020-10-11,4.7,12.6,0.0,273.2,8.6,20.4,1020.1
2020-10-12,5.2,11.9,0.0,283.2,9.8,25.9,1018.7
2020-10-13,6.2,11.3,1.2,324.4,10.0,24.1,1014.8
2020-10-14,9.1,10.9,22.4,322.1,17.7,40.8,1007.8
2020-10-15,9.3,12.0,1.7,326.5,9.9,24.1,1012.9
2020-10-16,9.2,11.8,5.1,3.7,10.8,25.9,1017.0
2020-10-17,8.0,10.7,3.4,327.5,9.3,20.4,1018.2
2020-10-18,6.0,12.6,0.0,276.4,13.5,37.0,1020.6
2020-10-19,5.0,12.5,0.0,255.3,9.5,24.1,1023.8
2020-10-20,1.8,9.2,0.0,275.0,6.1,14.8,1020.4
2020-10-21,5.8,11.2,0.0,355.0,5.3,14.8,1015.8
2020-10-22,6.9,14.3,0.0,248.1,6.6,16.7,1017.1
2020-10-23,11.5,14.2,3.8,270.7,5.4,18.5,1014.7
2020-10-24,11.3,19.5,0.5,258.9,9.5,29.6,1015.1
2020-10-25,6.0,13.0,0.0,225.7,5.5,14.8,1012.6
2020-10-26,9.5,12.6,1.2,343.5,7.5,20.4,1005.7
2020-10-27,7.1,11.5,0.0,251.0,9.2,31.5,1011.5
2020-10-28,5.0,11.4,0.0,213.6,6.8,20.4,1014.6
2020-10-29,7.1,13.4,1.7,247.7,13.7,40.8,1016.0
2020-10-30,7.5,15.2,9.3,258.2,13.1,37.0,1019.3
2020-10-31,10.7,18.0,1.1,273.0,10.4,31.5,1022.6
2020-11-01,8.8,13.5,3.0,238.6,5.6,14.8,1018.4
2020-11-02,13.7,19.9,0.0,245.7,10.7,35.2,1014.5
2020-11-03,11.4,18.5,0.4,283.3,7.2,18.5,1021.5
2020-11-04,6.4,12.2,0.5,298.4,8.4,22.2,1030.3
2020-11-05,2.8,12.5,0.0,274.2,7.9,20.4,1037.8
2020-11-06,1.2,11.7,0.0,246.9,7.3,18.5,1036.2
2020-11-07,0.3,5.4,0.0,316.6,5.8,14.8,1032.0
2020-11-08,1.4,4.3,0.0,306.9,5.8,16.7,1028.8
2020-11-09,1.4,3.9,0.0,344.6,5.2,13.0,1029.7
2020-11-10,3.1,6.2,0.0,282.6,4.9,13.0,1030.2
2020-11-11,4.8,7.2,0.0,256.6,5.0,13.0,1028.7
2020-11-12,5.6,8.6,0.0,196.4,5.2,14.8,1023.8
2020-11-13,3.6,10.5,0.0,265.9,5.4,16.7,1022.5
2020-11-14,8.4,12.9,0.0,290.9,5.6,14.8,1021.8
2020-11-15,6.6,8.9,0.0,72.1,6.6,14.8,1019.2
2020-11-16,6.5,11.0,0.1,251.8,9.0,31.5,1016.8
2020-11-17,8.8,12.5,0.0,255.3,10.9,35.2,1026.2
2020-11-18,4.8,13.1,0.0,244.5,6.1,18.5,1027.5
2020-11-19,3.1,9.9,0.0,264.9,11.7,33.3,1021.4
2020-11-20,3.3,8.8,0.0,299.7,13.9,35.2,1031.5
2020-11-21,-0.2,5.3,0.0,249.7,8.5,22.2,1035.0
2020-11-22,2.1,8.2,0.0,260.5,10.4,27.8,1027.8
2020-11-23,3.1,9.4,0.0,282.2,11.1,27.8,1028.0
2020-11-24,0.1,4.3,0.0,253.4,6.5,18.5,1029.4
2020-11-25,0.5,2.0,0.0,84.5,4.7,13.0,1025.1
2020-11-26,0.4,3.9,0.0,280.4,5.0,13.0,1025.2
2020-11-27,1.4,3.8,0.0,325.7,4.7,13.0,1024.1
2020-11-28,1.5,3.1,0.0,56.3,5.5,16.7,1024.6
2020-11-29,1.6,6.0,0.0,310.7,7.4,20.4,1026.3
2020-11-30,-1.3,3.4,0.0,261.3,7.7,18.5,1026.2
2020-12-01,0.0,2.3,1.4,121.0,6.2,18.5,1019.5
2020-12-02,-1.7,1.1,0.0,86.3,9.4,24.1,1020.4
2020-12-03,-1.7,0.7,0.2,136.8,6.5,18.5,1009.5
2020-12-04,-1.0,2.7,0.0,73.8,8.3,20.4,998.4
2020-12-05,1.8,6.2,0.0,30.9,8.1,24.1,1001.1
2020-12-06,2.8,9.6,0.0,85.9,10.3,33.3,1000.9
2020-12-07,4.8,9.0,0.0,166.0,9.3,27.8,1002.3
2020-12-08,4.7,5.8,1.1,87.8,9.5,29.6,1006.5
2020-12-09,5.0,5.6,4.2,86.3,10.5,25.9,1009.2
2020-12-10,4.5,6.4,0.7,306.4,5.4,14.8,1007.8
2020-12-11,2.8,4.8,0.0,95.4,7.7,18.5,1004.2
2020-12-12,3.4,4.5,0.1,94.4,5.4,14.8,1002.5
2020-12-13,3.9,6.4,0.0,273.2,4.2,11.1,1011.8
2020-12-14,4.3,6.3,0.0,132.3,5.5,18.5,1017.0
2020-12-15,4.0,5.0,0.0,67.5,5.7,16.7,1018.0
2020-12-16,4.2,5.3,0.0,50.7,4.8,13.0,1022.9
2020-12-17,3.8,5.1,0.0,110.6,4.8,14.8,1025.4
2020-12-18,0.9,4.6,0.0,338.6,4.4,11.1,1028.0
2020-12-19,2.1,4.2,0.0,78.4,6.1,14.8,1025.9
2020-12-20,1.5,2.6,0.0,76.9,5.2,13.0,1026.4
2020-12-21,2.0,4.2,0.1,58.5,5.1,14.8,1025.5
2020-12-22,4.3,12.6,2.2,251.3,11.1,37.0,1015.7
2020-12-23,10.1,12.2,7.4,287.0,5.8,16.7,1014.1
2020-12-24,4.5,12.1,2.4,271.0,16.6,40.8,1008.6
2020-12-25,1.9,4.9,2.1,321.9,12.9,31.5,1017.6
2020-12-26,0.7,3.9,0.0,266.8,11.9,25.9,1023.2
2020-12-27,-0.9,1.5,0.0,137.8,9.9,22.2,1006.4
2020-12-28,-0.9,2.6,0.4,74.7,7.9,22.2,986.9
2020-12-29,1.0,5.3,0.0,226.9,8.3,25.9,991.5
2020-12-30,-1.2,3.5,0.0,268.6,5.7,13.0,1004.8
2020-12-31,0.8,3.2,0.0,209.4,5.2,13.0,1008.7
2021-01-01,0.4,4.5,0.0,325.9,4.2,13.0,1009.7
2021-01-02,0.4,2.2,0.1,53.5,5.7,18.5,1014.8
2021-01-03,2.0,4.1,4.1,42.9,6.6,18.5,1011.7
2021-01-04,2.7,4.1,0.0,316.3,5.1,13.0,1014.9
2021-01-05,2.2,3.9,2.6,13.2,7.6,18.5,1014.0
2021-01-06,1.8,3.9,0.8,312.0,8.4,18.5,1012.1
2021-01-07,0.1,3.7,0.0,254.8,9.4,27.8,1013.2
2021-01-08,0.3,3.4,0.6,243.0,8.6,24.1,1014.3
2021-01-09,0.4,3.1,0.3,284.6,8.8,18.5,1021.2
2021-01-10,-1.3,3.2,0.0,269.2,6.8,16.7,1025.3
2021-01-11,-4.7,0.3,0.0,251.7,10.2,24.1,1022.7
2021-01-12,-0.9,3.5,2.4,254.0,17.8,46.3,1009.7
2021-01-13,2.1,3.9,1.4,278.4,24.8,55.5,1011.1
2021-01-14,1.0,2.6,2.9,311.2,20.4,59.3,1014.2
2021-01-15,-0.7,2.7,0.9,329.0,12.7,31.5,1023.1
2021-01-16,-2.8,0.0,0.0,300.1,12.7,31.5,1024.9
2021-01-17,-6.7,-0.3,0.0,278.0,6.7,18.5,1020.9
2021-01-18,-6.8,4.0,1.5,270.0,9.1,27.8,1022.0
2021-01-19,3.0,6.3,3.5,252.9,19.7,51.8,1014.3
2021-01-20,3.1,7.7,0.0,238.9,12.3,42.6,1009.4
2021-01-21,1.1,4.8,0.0,182.8,6.2,16.7,1004.9
2021-01-22,2.1,7.3,0.0,176.4,7.0,18.5,997.2
2021-01-23,1.8,5.5,6.4,318.4,11.6,33.3,996.1
2021-01-24,1.1,2.8,5.2,248.5,8.3,27.8,997.0
2021-01-25,-0.1,3.1,0.0,285.7,10.0,24.1,1004.5
2021-01-26,-1.0,2.8,2.4,279.5,11.7,33.3,1013.3
2021-01-27,0.0,4.4,0.1,258.0,10.5,29.6,1015.8
2021-01-28,1.4,5.0,4.5,270.2,8.7,29.6,1005.9
2021-01-29,1.6,5.3,9.8,321.3,8.4,33.3,999.1
2021-01-30,-0.6,7.0,3.2,330.8,15.1,40.8,1000.7
2021-01-31,-4.3,1.3,0.0,70.2,6.8,18.5,1006.4
2021-02-01,-4.7,0.3,0.3,47.5,6.9,16.7,1001.4
2021-02-02,-0.9,4.1,0.5,277.3,4.8,14.8,1004.6
2021-02-03,3.5,10.3,2.8,234.0,9.1,42.6,1002.7
2021-02-04,3.3,10.9,2.2,270.9,19.3,57.4,1011.2
2021-02-05,1.3,4.5,2.3,33.8,5.7,13.0,1017.1
2021-02-06,-0.2,3.9,7.8,73.6,12.6,33.3,1014.1
2021-02-07,-4.4,-0.1,7.9,77.7,15.7,31.5,1005.9
2021-02-08,-7.1,-3.7,6.5,37.3,6.5,20.4,1000.7
2021-02-09,-8.9,-4.4,2.0,327.2,5.4,14.8,1005.4
2021-02-10,-11.1,-6.5,0.0,352.4,7.0,20.4,1011.3
2021-02-11,-11.7,-2.5,0.1,314.0,14.2,33.3,1026.4
2021-02-12,-11.2,-3.8,0.0,304.7,8.1,20.4,1034.9
2021-02-13,-11.5,-1.8,0.0,290.1,8.7,20.4,1040.8
2021-02-14,-10.6,-0.6,0.0,249.2,7.6,18.5,1043.3
2021-02-15,-13.0,-5.3,1.7,136.9,6.0,16.7,1037.7
2021-02-16,-6.9,2.5,3.1,263.6,5.0,11.1,1022.7
2021-02-17,0.6,11.6,0.6,263.3,12.6,42.6,1017.6
2021-02-18,3.6,9.4,0.0,179.4,5.7,14.8,1019.8
2021-02-19,2.1,11.3,0.0,275.3,8.2,25.9,1019.6
2021-02-20,-0.5,9.0,0.0,322.6,6.5,16.7,1023.5
2021-02-21,1.6,6.9,0.0,35.0,5.8,14.8,1024.7
2021-02-22,1.3,10.4,0.0,291.6,5.9,16.7,1025.8
2021-02-23,-0.4,13.6,0.0,280.9,6.8,16.7,1034.6
2021-02-24,-0.3,12.4,0.0,294.7,6.1,14.8,1036.1
2021-02-25,1.0,14.2,0.0,278.9,6.8,16.7,1031.3
2021-02-26,2.7,11.0,1.4,306.8,11.2,29.6,1030.2
2021-02-27,3.6,7.4,0.0,322.6,13.6,31.5,1037.1
2021-02-28,2.7,10.2,0.0,300.9,6.9,16.7,1037.4
2021-03-01,0.7,9.6,0.0,281.3,7.0,16.7,1036.2
2021-03-02,0.5,9.2,0.0,302.5,6.4,16.7,1036.1
2021-03-03,-0.3,11.2,0.0,281.2,7.1,16.7,1030.6
2021-03-04,1.2,11.8,3.3,296.4,10.0,27.8,1018.8
2021-03-05,-0.5,5.5,4.4,351.1,14.4,35.2,1024.0
2021-03-06,-2.4,8.5,0.0,282.4,10.5,24.1,1032.4
2021-03-07,-2.3,9.2,0.0,286.1,10.1,24.1,1024.7
2021-03-08,-1.0,6.1,0.0,332.5,9.3,22.2,1021.8
2021-03-09,-3.8,5.9,0.0,12.7,6.9,16.7,1021.1
2021-03-10,-0.6,5.9,2.5,188.7,6.0,13.0,1020.3
2021-03-11,1.2,10.0,1.2,217.9,12.7,46.3,1007.3
2021-03-12,6.1,10.7,0.3,259.2,23.9,61.1,1007.5
2021-03-13,5.8,10.3,1.9,249.5,22.2,61.1,1003.2
2021-03-14,4.9,9.5,0.3,274.3,20.9,50.0,1006.3
2021-03-15,4.0,7.7,2.3,271.0,15.7,37.0,1009.8
2021-03-16,3.5,7.1,1.3,307.1,19.5,51.8,1016.9
2021-03-17,2.4,5.2,1.6,321.8,14.2,35.2,1021.5
2021-03-18,1.0,6.7,0.6,313.9,9.6,24.1,1021.8
2021-03-19,-0.1,4.6,3.5,354.0,12.1,35.2,1020.0
2021-03-20,-1.9,2.1,0.0,354.4,12.3,27.8,1027.1
2021-03-21,0.2,7.1,0.0,285.0,16.4,44.5,1017.5
2021-03-22,2.0,7.0,0.0,317.3,15.1,33.3,1020.3
2021-03-23,5.1,7.9,0.0,300.6,12.1,27.8,1024.8
2021-03-24,4.2,14.7,0.0,267.6,9.1,20.4,1024.3
2021-03-25,3.8,17.9,0.0,247.7,9.6,25.9,1020.9
2021-03-26,6.2,18.0,0.0,254.1,10.3,27.8,1019.9
2021-03-27,5.0,12.5,0.6,264.3,17.8,61.1,1020.6
2021-03-28,,,,,,,
2021-03-29,6.5,19.0,0.0,260.2,12.1,31.5,1030.7
2021-03-30,9.2,24.3,0.0,261.6,10.5,24.1,1030.7
2021-03-31,7.2,24.6,0.0,229.3,9.1,20.4,1025.0
2021-04-01,10.5,23.0,0.0,297.5,14.7,35.2,1017.5
2021-04-02,6.7,12.6,0.0,335.3,15.0,35.2,1019.6
2021-04-03,4.7,8.5,0.5,321.5,17.6,42.6,1021.3
2021-04-04,-0.9,13.4,0.0,288.6,10.1,22.2,1021.4
2021-04-05,2.2,10.4,3.5,272.7,20.1,61.1,1007.1
2021-04-06,-0.1,5.0,1.7,279.1,20.0,48.2,1008.7
2021-04-07,1.6,6.3,0.6,282.1,20.8,51.8,1012.5
2021-04-08,2.6,7.5,1.0,285.5,20.8,48.2,1021.8
2021-04-09,-1.5,14.1,0.0,235.6,9.8,31.5,1019.1
2021-04-10,5.1,14.2,2.1,263.0,8.2,27.8,1015.0
2021-04-11,5.3,19.7,0.0,7.9,7.9,20.4,1012.1
2021-04-12,3.9,11.1,5.9,319.0,14.5,35.2,1021.8
2021-04-13,2.7,8.3,0.0,312.9,14.0,35.2,1028.9
2021-04-14,3.6,7.8,0.0,327.5,15.4,35.2,1028.0
2021-04-15,3.0,7.1,1.6,328.0,15.2,38.9,1026.9
2021-04-16,3.0,6.8,2.1,325.7,12.7,27.8,1024.3
2021-04-17,4.8,7.5,1.3,321.9,11.4,25.9,1022.2
2021-04-18,5.9,12.1,0.3,313.8,8.0,16.7,1020.0
2021-04-19,6.6,14.1,0.0,349.8,8.1,22.2,1019.0
2021-04-20,8.7,15.7,0.0,319.4,9.1,22.2,1016.1
2021-04-21,6.7,18.0,0.0,290.1,12.7,31.5,1014.5
2021-04-22,5.7,11.2,0.0,315.9,17.5,44.5,1020.5
2021-04-23,5.1,13.3,0.0,307.7,15.5,40.8,1025.8
2021-04-24,3.9,14.7,0.0,307.9,11.2,27.8,1024.9
2021-04-25,1.9,12.2,0.0,328.1,10.7,37.0,1023.4
2021-04-26,-0.1,12.3,0.0,25.9,10.1,25.9,1020.8
2021-04-27,-0.3,14.0,0.0,84.8,12.6,35.2,1014.2
2021-04-28,1.7,19.1,0.0,75.1,8.4,22.2,1007.9
2021-04-29,8.4,17.5,1.4,281.7,11.5,40.8,1004.7
2021-04-30,6.0,15.9,0.5,289.5,11.6,25.9,1011.1
2021-05-01,8.5,14.6,4.1,32.9,7.3,20.4,1011.9
2021-05-02,7.7,10.6,20.5,322.9,17.7,44.5,1011.8
2021-05-03,4.7,13.0,0.0,278.0,14.2,40.8,1019.6
2021-05-04,2.7,15.3,0.0,230.8,15.3,55.5,1008.4
2021-05-05,8.1,12.6,0.0,256.5,20.7,63.0,1004.5
2021-05-06,5.7,12.3,1.7,249.2,15.8,44.5,1008.8
2021-05-07,6.6,11.5,5.1,281.6,16.3,46.3,1009.8
2021-05-08,3.4,16.6,0.0,240.5,10.9,29.6,1019.1
2021-05-09,6.8,26.2,0.0,135.8,8.1,22.2,1013.4
2021-05-10,10.2,28.6,0.0,49.8,8.1,20.4,1009.3
2021-05-11,12.9,27.5,0.6,346.5,9.9,33.3,1005.6
2021-05-12,13.9,17.8,17.5,315.6,14.8,35.2,1007.5
2021-05-13,11.3,14.1,23.0,308.4,17.1,38.9,1005.4
2021-05-14,11.4,16.3,5.6,287.8,11.5,27.8,1006.7
2021-05-15,8.1,17.2,0.0,243.0,9.8,25.9,1008.3
2021-05-16,10.1,17.6,2.7,246.5,11.6,38.9,1004.7
2021-05-17,9.1,17.6,0.8,262.7,13.2,37.0,1004.8
2021-05-18,9.5,17.1,1.8,273.0,13.9,37.0,1010.9
2021-05-19,8.8,14.5,2.3,299.2,12.4,33.3,1015.1
2021-05-20,9.0,16.3,2.6,283.3,12.1,31.5,1018.7
2021-05-21,8.0,18.1,0.0,228.3,11.6,38.9,1011.4
2021-05-22,11.2,17.6,0.0,244.2,16.8,53.7,1008.1
2021-05-23,8.5,18.0,0.3,258.2,13.7,42.6,1014.4
2021-05-24,5.2,20.2,0.9,148.4,9.7,24.1,1015.7
2021-05-25,10.3,15.0,2.9,255.7,17.9,53.7,1014.9
2021-05-26,7.5,14.6,0.4,242.4,14.7,38.9,1015.2
2021-05-27,10.2,15.6,1.2,258.8,18.3,44.5,1015.7
2021-05-28,10.0,16.5,0.0,299.5,12.3,31.5,1021.2
2021-05-29,10.1,16.4,0.0,323.8,12.2,35.2,1023.5
2021-05-30,9.5,17.3,0.0,358.6,13.9,37.0,1025.5
2021-05-31,6.9,21.4,0.0,311.8,8.9,20.4,1023.1
2021-06-01,8.3,22.5,0.0,206.6,8.6,18.5,1019.3
2021-06-02,10.6,24.3,0.0,127.9,10.0,25.9,1018.6
2021-06-03,11.8,27.1,0.0,140.1,8.3,20.4,1022.5
2021-06-04,12.5,26.5,0.0,257.1,7.7,16.7,1021.9
2021-06-05,17.2,26.5,4.1,274.5,8.1,22.2,1018.4
2021-06-06,17.9,23.3,9.5,324.8,8.7,20.4,1018.8
2021-06-07,17.2,25.6,0.0,336.8,9.7,22.2,1019.7
2021-06-08,16.9,26.9,0.0,333.1,11.3,27.8,1020.1
2021-06-09,16.6,24.0,3.7,299.1,8.3,18.5,1020.7
2021-06-10,15.4,25.3,0.0,289.7,9.4,24.1,1019.6
2021-06-11,16.7,27.2,0.0,297.6,11.4,29.6,1017.5
2021-06-12,17.8,24.9,0.8,289.4,15.6,42.6,1016.2
2021-06-13,14.2,18.8,0.0,318.2,17.4,40.8,1024.0
2021-06-14,10.9,26.3,0.0,228.6,8.4,20.4,1022.5
2021-06-15,13.1,29.1,0.0,306.4,8.7,22.2,1018.1
2021-06-16,18.2,30.6,0.0,144.2,8.1,20.4,1016.4
2021-06-17,16.5,33.0,0.0,133.5,9.2,25.9,1015.3
2021-06-18,16.8,33.6,0.0,154.3,8.8,22.2,1014.4
2021-06-19,18.6,33.5,0.0,286.3,8.1,20.4,1013.6
2021-06-20,19.8,32.5,0.0,274.0,8.0,20.4,1009.8
2021-06-21,21.4,30.5,0.4,287.9,11.7,37.0,1006.0
2021-06-22,19.4,23.9,11.2,328.8,10.7,22.2,1011.6
2021-06-23,17.4,23.1,3.3,11.3,8.3,20.4,1018.0
2021-06-24,17.8,22.1,10.0,349.3,9.6,24.1,1016.9
2021-06-25,17.2,21.2,11.2,317.6,7.3,20.4,1016.8
2021-06-26,16.4,24.7,0.0,305.7,7.3,20.4,1018.2
2021-06-27,14.8,27.2,0.0,156.2,7.6,18.5,1017.2
2021-06-28,16.6,29.6,0.0,130.8,8.2,20.4,1015.4
2021-06-29,19.1,27.4,3.0,271.5,7.7,22.2,1011.2
2021-06-30,17.2,23.3,6.4,269.8,17.1,44.5,1010.0
2021-07-01,15.4,20.1,1.1,263.9,14.3,46.3,1012.5
